{
	"bar_effects": {
		"electric": 5.0,
		"shield": 2.5
	},
	"description": "",
	"display_name": "FiddyFiddy",
	"global_pulse_settings": {
		"brighten_duration": 0.02,
		"brightness": 1.0,
		"dim_duration": 0.57
	},
	"id": "fiddyfiddy",
	"loop_file_path": "res://loop_zips/sorted/percussion/Microdose Sleep - 120 BPM - 5 - Percussion - NW_MMRT_100_percussion_chocolate.wav",
	"loop_length_bars": 8,
	"passive_effects": {
		"thermal": 1.25
	},
	"pulse_settings": {
		"electric": {
			"brighten_duration": 0.03,
			"brightness": 1.0,
			"dim_duration": 0.21
		}
	},
	"pulse_triggers": {
		"electric": [
			0.078125,
			0.1015625,
			0.203125,
			0.2265625,
			0.328125,
			0.3515625,
			0.453125,
			0.4765625,
			0.578125,
			0.6015625,
			0.703125,
			0.7265625,
			0.828125,
			0.8515625,
			0.953125,
			0.9765625
		],
		"shield": [
			0.0234375,
			0.0390625,
			0.1484375,
			0.1640625,
			0.2734375,
			0.2890625,
			0.3984375,
			0.4140625,
			0.5234375,
			0.5390625,
			0.6484375,
			0.6640625,
			0.7734375,
			0.7890625,
			0.8984375,
			0.9140625
		]
	}
}