{
	"bar_effects": {
		"electric": 1.5,
		"shield": 7.5
	},
	"description": "",
	"display_name": "Low Key Core",
	"global_pulse_settings": {
		"brighten_duration": 0.03,
		"brightness": 1.0,
		"dim_duration": 0.51
	},
	"id": "power_core_1722",
	"loop_file_path": "res://loop_zips/sorted/drums/Fortunate Interval - 120 BPM - 1 - Drums - PM_RW3_Full_Drum_Loop_115Bpm_Cliff.wav",
	"loop_length_bars": 8,
	"passive_effects": {
		"thermal": 1.25
	},
	"pulse_settings": {
		"shield": {
			"brighten_duration": 0.03,
			"brightness": 1.0,
			"dim_duration": 0.97
		}
	},
	"pulse_triggers": {
		"electric": [
			0.046875,
			0.078125,
			0.09375,
			0.109375,
			0.171875,
			0.21875,
			0.234375,
			0.296875,
			0.328125,
			0.34375,
			0.359375,
			0.421875,
			0.46875,
			0.484375,
			0.546875,
			0.578125,
			0.59375,
			0.609375,
			0.671875,
			0.703125,
			0.71875,
			0.734375,
			0.796875,
			0.828125,
			0.84375,
			0.859375,
			0.921875,
			0.96875,
			0.984375
		],
		"shield": [
			0.0,
			0.25,
			0.5,
			0.75
		]
	}
}