{
	"display_name": "Shield Recharger",
	"id": "nebula_1",
	"key_change_id": "key_change_1",
	"shader_params": {
		"animation_speed": 0.4,
		"bottom_opacity": 0.95,
		"brightness": 1.35,
		"density": 1.2,
		"nebula_color": [
			0.0666666477918625,
			0.564705908298492,
			0.482996344566345,
			1.0
		],
		"radial_spread": 0.55,
		"secondary_color": [
			0.19647216796875,
			0.6796875,
			0.204022407531738,
			1.0
		],
		"seed_offset": 0.0,
		"top_opacity": 1.28,
		"veil_contrast": 0.38,
		"wash_opacity": 0.1
	},
	"style_id": "dual_color"
}