{
	"display_name": "Shield Recharger",
	"id": "nebula_1",
	"key_shift_semitones": -1,
	"shader_params": {
		"animation_speed": 0.4,
		"bottom_opacity": 0.95,
		"brightness": 1.35,
		"density": 2.95,
		"nebula_color": [
			0.0685882568359375,
			0.56640625,
			0.56640625,
			1.0
		],
		"radial_spread": 0.55,
		"secondary_color": [
			0.19647216796875,
			0.6796875,
			0.204022407531738,
			1.0
		],
		"seed_offset": 0.0,
		"top_opacity": 0.5
	},
	"style_id": "dual_color"
}