{
	"display_name": "Shield Recharger",
	"id": "nebula_1",
	"shader_params": {
		"animation_speed": 0.45,
		"brightness": 2.45,
		"density": 2.3,
		"nebula_color": [
			0.0685882568359375,
			0.56640625,
			0.56640625,
			1.0
		],
		"secondary_color": [
			0.19647216796875,
			0.6796875,
			0.204022407531738,
			1.0
		],
		"seed_offset": 0.0
	},
	"style_id": "dual_color"
}