{
	"aim_mode": "track",
	"bar_effects": {
		"electric": -1.2,
		"thermal": 3.1
	},
	"damage": 10,
	"description": "",
	"direction_deg": 0.0,
	"display_name": "Slim Flame",
	"effect_profile": {
		"defaults": {
			"impact": [
				{
					"color": [
						0.478515625,
						0.0,
						0.546875,
						1.0
					],
					"params": {
						"lifetime": 0.1,
						"particle_count": 8.0,
						"radius": 20.0
					},
					"type": "burst"
				}
			],
			"muzzle": [
				{
					"color": [
						0.91796875,
						0.0753021240234375,
						0.0753021240234375,
						1.0
					],
					"params": {
						"lifetime": 0.1,
						"particle_count": 4.0,
						"spread_angle": 75.0
					},
					"type": "radial_burst"
				}
			]
		},
		"trigger_overrides": {

		},
		"version": 2
	},
	"fire_pattern": "dual",
	"fire_triggers": [
		0.00621546961325967,
		0.013121546961326,
		0.0214088397790055,
		0.0379834254143646,
		0.0448895027624309,
		0.0524861878453039,
		0.0697513812154696,
		0.0773480662983425,
		0.0842541436464088,
		0.100138121546961,
		0.107734806629834,
		0.115331491712707,
		0.13121546961326,
		0.138812154696133,
		0.145718232044199,
		0.161602209944751,
		0.170580110497238,
		0.177486187845304,
		0.194060773480663,
		0.200966850828729,
		0.207872928176796,
		0.224658667434438,
		0.232734806629834,
		0.240331491712707,
		0.255524861878453,
		0.263812154696133,
		0.271408839779006,
		0.287292817679558,
		0.295580110497238,
		0.304558011049724,
		0.318775042860895,
		0.327062335678575,
		0.336040236231061,
		0.350087642376371,
		0.357956904535774,
		0.367113864139443,
		0.380849303544946,
		0.388718565704348,
		0.395013975431871,
		0.412183274688749,
		0.420195614341959,
		0.428064876501362,
		0.443517245832553,
		0.451100353004341,
		0.46025731260801,
		0.474708139482549,
		0.481525692066725,
		0.488300501394245,
		0.505899033132546,
		0.512194442860068,
		0.519205240056627,
		0.537190081028207,
		0.545202420681417,
		0.552642450359398,
		0.568524052172011,
		0.575964081849992,
		0.583833344009394,
		0.5995718683282,
		0.607441130487603,
		0.615882702622235,
		0.630934454970765,
		0.63866063963636,
		0.645671436832919,
		0.662268426114569,
		0.669851533286357,
		0.678006950433374,
		0.693459319764565,
		0.701614736911582,
		0.710485541527636,
		0.724478520421992,
		0.732490860075202,
		0.740360122234605,
		0.755955569059603,
		0.763967908712813,
		0.771407938390794,
		0.787346771200929,
		0.794929878372718,
		0.802369908050698,
		0.818537664850926,
		0.825977694528907,
		0.83327464671308,
		0.849528250009591,
		0.857254434675187,
		0.865982161797433,
		0.881005298647202,
		0.888874560806605,
		0.895885358003164,
		0.912053114803391,
		0.919779299468987,
		0.927505484134582,
		0.943484389946108,
		0.951210574611703,
		0.958507526795876,
		0.974961438583719,
		0.982401468261699,
		0.989984575433487
	],
	"id": "slim_flame",
	"loop_file_path": "res://loop_zips/sorted/leads/Fortunate Interval - 120 BPM - 8 - Leads - BOS_IEV_90_Synth_Lead_Loop_Flux_F#.wav",
	"loop_length_bars": 8,
	"mirror_mode": "none",
	"projectile_speed": 970.0,
	"projectile_style_id": "slim_flame",
	"special_effect": "none",
	"sweep_arc_deg": 60.0,
	"sweep_duration": 1.2
}