{
	"default_speed": 200.0,
	"display_name": "Slash R-L",
	"enemy_ship_id": "",
	"id": "path_4",
	"segment_speeds": {

	},
	"waypoints": [
		{
			"ctrl_in": [
				0.0,
				0.0
			],
			"ctrl_out": [
				0.0,
				0.0
			],
			"pos": [
				2011.21655273438,
				-47.2836380004883
			]
		},
		{
			"ctrl_in": [
				0.0,
				0.0
			],
			"ctrl_out": [
				0.0,
				0.0
			],
			"pos": [
				-90.1668853759766,
				1134.60070800781
			]
		}
	]
}