{
	"default_speed": 200.0,
	"display_name": "cargo-ship",
	"enemy_ship_id": "",
	"id": "path_4",
	"segment_speeds": {
		"1": 0.5
	},
	"waypoints": [
		{
			"ctrl_in": [
				0.0,
				0.0
			],
			"ctrl_out": [
				0.0,
				0.0
			],
			"pos": [
				957.698913574219,
				1162.44799804688
			]
		},
		{
			"ctrl_in": [
				0.0,
				0.0
			],
			"ctrl_out": [
				46.02197265625,
				-138.066040039063
			],
			"pos": [
				1052.04406738281,
				759.755126953125
			]
		},
		{
			"ctrl_in": [
				0.0,
				0.0
			],
			"ctrl_out": [
				-48.3231201171875,
				-167.980407714844
			],
			"pos": [
				1049.74291992188,
				262.717254638672
			]
		},
		{
			"ctrl_in": [
				0.0,
				0.0
			],
			"ctrl_out": [
				0.0,
				0.0
			],
			"pos": [
				1388.0048828125,
				-135.373321533203
			]
		}
	]
}