{
	"default_speed": 200.0,
	"display_name": "Slash L-R",
	"enemy_ship_id": "",
	"id": "path_3",
	"segment_speeds": {

	},
	"waypoints": [
		{
			"ctrl_in": [
				0.0,
				0.0
			],
			"ctrl_out": [
				0.0,
				0.0
			],
			"pos": [
				-89.5411529541016,
				-48.7470512390137
			]
		},
		{
			"ctrl_in": [
				0.0,
				0.0
			],
			"ctrl_out": [
				0.0,
				0.0
			],
			"pos": [
				2011.00451660156,
				1136.48803710938
			]
		}
	]
}