{
	"default_speed": 200.0,
	"display_name": "Straightup",
	"enemy_ship_id": "",
	"id": "path_9",
	"segment_speeds": {

	},
	"waypoints": [
		{
			"ctrl_in": [
				0.0,
				0.0
			],
			"ctrl_out": [
				0.0,
				0.0
			],
			"pos": [
				891.219482421875,
				1177.90783691406
			]
		},
		{
			"ctrl_in": [
				0.0,
				0.0
			],
			"ctrl_out": [
				0.0,
				0.0
			],
			"pos": [
				891.845275878906,
				-118.405830383301
			]
		}
	]
}