{
	"default_speed": 200.0,
	"display_name": "Straight",
	"enemy_ship_id": "",
	"id": "path_5",
	"segment_speeds": {

	},
	"waypoints": [
		{
			"ctrl_in": [
				0.0,
				0.0
			],
			"ctrl_out": [
				0.0,
				0.0
			],
			"pos": [
				972.544982910156,
				-103.549575805664
			]
		},
		{
			"ctrl_in": [
				0.0,
				0.0
			],
			"ctrl_out": [
				0.0,
				0.0
			],
			"pos": [
				969.40625,
				1195.05505371094
			]
		}
	]
}