{
	"default_speed": 200.0,
	"display_name": "Slash L-R",
	"enemy_ship_id": "",
	"id": "path_3",
	"segment_speeds": {

	},
	"waypoints": [
		{
			"ctrl_in": [
				0.0,
				0.0
			],
			"ctrl_out": [
				0.0,
				0.0
			],
			"pos": [
				11.7073173522949,
				8.78048801422119
			]
		},
		{
			"ctrl_in": [
				0.0,
				0.0
			],
			"ctrl_out": [
				0.0,
				0.0
			],
			"pos": [
				1909.75610351563,
				1069.75610351563
			]
		}
	]
}