{
	"default_speed": 200.0,
	"display_name": "Slash R-L",
	"enemy_ship_id": "",
	"id": "path_4",
	"segment_speeds": {

	},
	"waypoints": [
		{
			"ctrl_in": [
				0.0,
				0.0
			],
			"ctrl_out": [
				0.0,
				0.0
			],
			"pos": [
				1905.36584472656,
				10.2439022064209
			]
		},
		{
			"ctrl_in": [
				0.0,
				0.0
			],
			"ctrl_out": [
				0.0,
				0.0
			],
			"pos": [
				8.78048801422119,
				1077.07312011719
			]
		}
	]
}