{
	"default_speed": 200.0,
	"display_name": "Strafe R-L",
	"enemy_ship_id": "",
	"id": "path_7",
	"segment_speeds": {

	},
	"waypoints": [
		{
			"ctrl_in": [
				0.0,
				0.0
			],
			"ctrl_out": [
				0.0,
				0.0
			],
			"pos": [
				2016.64624023438,
				574.2841796875
			]
		},
		{
			"ctrl_in": [
				0.0,
				0.0
			],
			"ctrl_out": [
				0.0,
				0.0
			],
			"pos": [
				-103.549575805664,
				673.806518554688
			]
		}
	]
}