{
	"default_speed": 200.0,
	"display_name": "Strafe",
	"enemy_ship_id": "",
	"id": "path_6",
	"segment_speeds": {

	},
	"waypoints": [
		{
			"ctrl_in": [
				0.0,
				0.0
			],
			"ctrl_out": [
				0.0,
				0.0
			],
			"pos": [
				-147.2705078125,
				565.291809082031
			]
		},
		{
			"ctrl_in": [
				0.0,
				0.0
			],
			"ctrl_out": [
				0.0,
				0.0
			],
			"pos": [
				2035.05517578125,
				712.279296875
			]
		}
	]
}